PL,STD
305000,17530.92506
208842.8571,7351.61142
187142.8571,8983.476896
189900,10995.90833
201471.4286,11146.10758
183057.1429,10137.85926
